{
  "name": "explosion",
  "type": "spawner",
  "enabled": true,
  "loadDefault": true,
  "mobCountMin": 1,
  "ignoreDimensions": true,
  "ignoreBiomes": true,
  "ignoreLightLevel": true,
  "ignoreGroupLimit": true,
  "conditions": [],
  "triggers": [
    {
      "type": "explosion",
      "chance": 0.05,
      "entityTypesListType": "blacklist",
      "entityIds": [
        "lycanitesmobs:tremor"
      ],
      "entityIdsListType": "blacklist",
      "cooldown": 1200
    },
    {
      "type": "explosion",
      "chance": 0.2,
      "playerOnly": true,
      "cooldown": 1200
    }
  ],
  "locations": [
    {
      "type": "base",
      "rangeMin": [
        0,
        0,
        0
      ],
      "rangeMax": [
        0,
        0,
        0
      ],
      "sorting": "random"
    }
  ],
  "mobSpawns": [
    {
      "mobId": "lycanitesmobs:tremor",
      "weight": 8
    }
  ]
}