{
  "name": "poison",
  "type": "spawner",
  "enabled": true,
  "loadDefault": true,
  "mobCountMin": 4,
  "ignoreDimensions": true,
  "ignoreBiomes": true,
  "ignoreLightLevel": true,
  "conditions": [],
  "triggers": [
    {
      "type": "world",
      "chance": 0.15,
      "tickRate": 600
    }
  ],
  "locations": [
    {
      "type": "block",
      "rangeMin": [
        16,
        0,
        16
      ],
      "rangeMax": [
        32,
        32,
        32
      ],
      "sorting": "random",
      "blocks": [
        "lycanitesmobs:poison"
      ],
      "blockCost": 8,
      "listType": "whitelist"
    }
  ],
  "mobSpawns": [
    {
      "mobId": "lycanitesmobs:eechetik",
      "weight": 8
    },
    {
      "mobId": "lycanitesmobs:gnekk",
      "weight": 8
    },
    {
      "mobId": "lycanitesmobs:ghoul",
      "weight": 8
    }
  ]
}