{
  "name": "tricksterflare",
  "loadDefault": true,
  "width": 0.5,
  "height": 0.5,
  "scale": 0.75,
  "damage": 2,
  "pierce": 1,
  "knockbackChance": 0.5,
  "effectDuration": 0,
  "effectAmplifier": 0,
  "velocity": 0.9,
  "weight": 0.25,
  "lifetime": 100,
  "elements": [
    "fae"
  ],
  "behaviours": [
    {
      "type": "randomEffect",
      "effectDuration": 100,
      "effectAmplifier": 0,
      "effects": [
        "lycanitesmobs:bleed",
        "lycanitesmobs:instability",
        "lycanitesmobs:lifeleak",
        "minecraft:slowness",
        "minecraft:weakness"
      ]
    }
  ],
  "waterproof": true,
  "lavaproof": false,
  "cutGrass": false,
  "impactSound": false,
  "ripper": false,
  "pierceBlocks": false,
  "glow": true,
  "rollSpeed": 4
}